Province_State,Admin2,Lat,Long_,04/01/2020,04/02/2020,04/03/2020,04/04/2020,04/05/2020,04/06/2020,04/07/2020,04/08/2020,04/09/2020,04/10/2020,04/11/2020,04/12/2020,4/13/20,4/14/20,4/15/20,4/16/20,4/17/20,4/18/20,4/19/20,4/20/20,4/21/20,4/22/20,4/23/20,4/24/20, 4/25/20,4/26/20,4/27/20,4/28/20,4/29/20,4/30/20,05/01/2020,05/02/2020,05/03/2020,05/04/2020,05/05/2020,05/06/2020,05/07/2020,05/08/2020,05/09/2020,05/10/2020, 05/11/2020,05/12/2020,5/13/20,5/14/20,5/15/20,5/16/20,5/17/20,5/18/20,5/19/20,5/20/20,5/21/20,5/22/20,5/23/20, 5/24/20,5/25/20,5/26/20,5/27/20,5/28/20,5/29/20,5/30/20,5/31/20,06/01/2020,06/02/2020,06/03/2020, 06/04/2020,06/05/2020,06/06/2020,06/07/2020,06/08/2020,06/09/2020,06/10/2020,06/11/2020,06/12/2020,6/13/20,6/14/20,6/15/20,6/16/20,6/17/20,6/18/20,6/19/20,6/20/20,6/21/20,6/22/20,6/23/20,6/24/20,6/25/20,6/26/20,6/27/20, 6/28/20, 6/29/20,6/30/20
South Dakota,Aurora,43.71757685,-98.56050467,1,1,1,1,1,1,1,1,1,1,1,1,1,1,1,1,1,1,1,1,1,1,1,1,1,1,1,1,1,1,1,1,1,1,1,1,1,1,1,2,2,2,2,2,2,2,3,3,3,8,8,20,22,22,22,22,22,23,23,25,26,26,26,27,27,27,29,29,29,29,29,29,30,33,33,33,33,33,33,34,34,34,34,34,34,34,34,34,34,34,34
,Beadle,44.41464384,-98.27858469,21,21,21,21,21,21,21,21,21,22,21,21,21,21,21,21,21,21,21,21,21,21,21,21,21,21,21,21,21,21,21,21,21,21,21,21,21,21,21,21,21,22,22,22,22,30,31,37,43,68,68,98,118,131,132,150,163,190,222,252,261,275,276,308,341,343,361,382,385,386,398,411,418,434,446,448,452,467,472,476,481,494,494,495,504,508,515,518,522,523,524
,Bennett,43.19486375,-101.6665572,0,0,0,0,0,0,0,0,0,0,0,0,0,0,0,0,0,0,0,0,0,0,0,0,0,0,0,0,0,0,0,0,0,0,0,0,0,0,0,0,0,0,0,0,0,0,0,0,0,0,0,0,0,0,0,0,0,0,0,0,0,0,0,0,0,0,0,0,0,0,0,0,0,0,0,1,1,2,2,2,2,2,2,3,3,4,4,5,5,5,4
,Bon Homme,42.98914167,-97.88592746,1,1,1,1,1,2,2,3,3,3,3,4,4,4,4,4,4,4,4,4,4,4,4,4,4,4,4,4,4,4,4,4,4,4,4,4,4,4,4,4,4,4,4,4,4,4,4,5,4,4,4,5,6,8,8,8,8,8,8,8,8,8,8,8,8,8,8,8,8,8,8,8,8,8,9,9,9,11,11,11,11,11,11,11,11,11,11,11,11,11,11
,Brookings,44.36974375,-96.79079945,2,2,2,3,3,4,6,6,6,7,6,8,9,9,9,9,9,9,9,9,9,9,9,9,11,11,12,12,12,13,13,13,13,13,13,14,14,14,14,14,14,14,14,14,14,14,14,14,14,14,14,14,15,15,15,15,15,15,16,16,16,16,17,20,20,20,22,23,23,24,26,26,26,26,34,36,38,39,46,47,48,51,52,54,54,57,57,58,61,61,62
,Brown,45.58994323,-98.35165355,4,6,7,9,9,13,13,13,14,14,14,14,14,14,15,15,17,18,20,20,20,27,28,28,30,30,30,30,32,39,42,51,59,65,71,76,93,107,110,120,127,132,143,154,173,194,196,200,205,211,211,235,244,249,249,259,261,266,269,271,273,275,281,286,290,291,295,298,299,303,305,305,307,310,311,313,313,315,319,321,323,324,326,327,330,335,335,339,341,342,342
,Brule,43.71756379,-99.08118954,0,0,0,0,0,0,0,0,0,0,0,1,1,1,0,0,0,0,0,0,0,0,0,0,0,0,0,0,0,0,0,0,0,0,0,0,0,0,0,0,0,0,0,0,0,0,0,0,0,0,0,0,0,0,0,0,0,0,0,0,0,0,0,2,2,2,2,2,2,2,2,3,7,9,10,10,10,12,13,15,15,15,15,16,16,17,18,18,18,20,23
,Buffalo,44.07657829,-99.20814467,0,0,0,0,0,0,0,0,0,0,0,0,0,0,0,0,0,0,0,0,0,0,0,0,0,0,0,1,1,1,1,1,1,1,1,1,1,1,1,1,1,1,1,1,1,1,1,1,3,5,5,7,9,9,9,9,9,10,12,17,17,18,21,22,21,22,24,25,25,29,30,31,39,47,52,53,54,55,58,58,66,66,66,66,68,68,69,71,72,71,71
,Butte,44.90608745,-103.5079318,0,0,0,0,0,0,0,0,0,0,0,0,0,0,0,0,0,0,0,0,0,0,0,0,0,0,0,0,0,0,0,0,0,0,0,0,0,0,0,0,0,0,0,0,0,0,0,0,0,0,0,0,0,0,0,0,0,0,0,0,0,0,0,0,0,0,0,0,0,0,0,0,0,0,0,0,0,0,0,0,0,0,0,0,0,0,0,0,0,0,0
,Campbell,45.77074915,-100.0510181,0,0,0,0,0,0,0,0,0,0,0,0,0,0,0,0,0,0,0,0,0,0,0,0,0,0,0,0,0,0,0,0,0,0,0,0,0,0,0,0,0,0,0,0,0,0,0,0,0,0,0,0,0,0,0,0,0,0,0,0,0,0,0,0,0,0,0,0,0,0,0,0,0,0,0,0,0,0,0,0,0,0,0,0,0,0,0,0,0,0,0
,Charles Mix,43.20660134,-98.58856175,1,1,1,2,2,2,2,2,2,3,3,4,4,4,4,4,4,4,4,4,4,4,4,4,4,4,4,4,5,5,5,5,5,5,5,5,5,5,5,5,5,5,6,7,8,8,9,9,10,10,10,11,12,13,13,13,14,16,16,17,17,17,18,18,18,18,20,20,20,20,20,21,21,30,32,32,32,37,41,45,47,48,49,49,56,57,58,68,70,75,82
,Clark,44.85834507,-97.72925109,1,1,1,1,1,1,1,1,1,1,1,1,1,1,1,1,1,1,1,1,1,1,1,1,1,1,1,1,1,1,1,1,1,1,1,1,1,2,2,2,2,3,3,4,4,4,4,4,4,4,4,4,4,4,4,4,4,4,4,4,4,4,4,4,4,4,4,4,4,5,6,6,7,9,9,11,11,11,11,11,11,11,12,12,13,13,13,14,14,14,15
,Clay,42.91296147,-96.97656917,3,3,3,3,3,3,6,6,6,6,6,6,5,5,5,5,5,5,5,5,5,5,5,5,5,5,5,5,6,6,6,6,7,7,7,7,7,9,9,9,9,10,11,11,12,14,15,15,15,15,15,15,15,15,15,15,15,15,15,15,15,15,15,15,18,19,27,32,35,39,43,50,56,65,65,66,67,69,70,70,73,73,73,77,76,79,79,80,80,80,82
,Codington,44.97788119,-97.18827677,5,6,8,9,10,11,12,12,12,12,12,12,12,13,13,13,13,13,13,13,13,13,13,14,14,14,14,14,14,14,14,14,14,15,15,15,15,15,15,15,15,15,16,16,16,16,17,17,17,17,17,25,29,32,32,33,34,35,35,36,37,37,37,38,39,39,41,41,43,43,44,44,44,45,46,46,46,47,47,47,49,49,49,49,49,51,51,53,57,61,63
,Corson,45.70889983,-101.1970473,0,0,0,0,0,0,0,0,1,1,1,1,1,1,1,1,1,1,1,1,1,1,1,1,1,1,1,1,1,1,1,1,1,1,1,1,1,1,1,1,1,2,2,2,3,3,3,4,4,4,4,4,4,4,4,4,4,4,4,4,4,4,4,4,4,4,4,4,4,4,6,8,9,10,11,11,11,12,12,13,15,15,15,16,16,17,17,17,17,17,18
,Custer,43.67741105,-103.4534521,0,0,0,0,0,0,0,0,0,0,0,0,0,0,0,0,0,0,0,0,0,0,0,0,0,0,0,0,0,0,0,0,0,0,0,0,0,0,0,0,0,0,0,0,0,0,0,0,0,0,0,0,0,0,0,0,0,0,0,0,0,0,0,0,1,1,1,1,1,1,1,1,2,2,2,2,2,2,2,3,6,7,7,7,7,7,7,8,8,8,8
,Davison,43.67490933,-98.14458906,2,3,3,3,3,3,3,3,3,3,3,3,3,3,3,3,3,3,3,3,4,5,5,5,5,5,5,5,5,5,5,6,6,6,7,7,7,7,7,7,7,8,8,9,9,9,9,9,9,9,9,9,9,9,9,10,11,13,14,15,16,16,16,20,20,24,27,27,30,30,30,30,31,32,32,33,33,33,33,33,34,35,35,35,35,35,36,37,39,40,41
,Day,45.367281,-97.60737498,0,0,0,0,0,0,0,0,0,0,0,0,0,0,0,0,0,1,0,0,0,0,0,0,0,0,0,0,1,1,4,8,8,8,8,10,10,10,10,10,10,10,10,10,10,10,11,11,11,11,11,11,12,12,12,12,13,13,13,13,13,13,13,13,14,14,13,13,13,13,13,13,13,13,13,13,13,13,13,13,13,13,13,13,13,13,13,15,16,16,16
,Deuel,44.75994309,-96.66943645,1,1,1,1,1,1,1,1,1,1,1,1,1,1,1,1,1,1,1,1,1,1,1,1,1,1,1,1,1,1,1,1,1,1,1,1,1,1,1,1,1,1,1,1,1,1,1,1,1,1,1,1,1,1,1,1,1,1,1,1,1,1,1,1,1,1,1,1,1,1,1,1,1,1,1,1,1,1,1,1,1,1,1,1,1,1,3,3,3,3,3
,Dewey,45.15639647,-100.8709139,0,0,0,0,0,0,0,0,0,0,0,0,0,0,0,0,0,0,0,0,0,0,0,0,0,0,0,0,0,0,1,1,1,1,1,1,1,1,0,0,0,0,0,0,0,0,0,0,0,0,0,0,0,0,0,0,0,0,0,0,0,0,1,1,0,0,1,1,1,1,1,2,2,2,2,2,4,4,4,4,4,4,4,4,4,4,4,4,4,4,4
,Douglas,43.38520741,-98.36978007,0,0,0,0,0,0,0,0,0,0,0,0,0,0,0,0,0,0,0,0,0,0,0,0,0,0,0,1,1,1,1,1,1,1,1,1,1,1,1,1,1,1,1,1,1,1,1,1,1,1,1,1,1,2,3,3,3,3,3,3,3,3,3,3,3,3,3,4,4,4,4,4,4,4,4,4,4,4,4,4,4,4,4,4,4,4,4,4,4,4,4
,Edmunds,45.41846445,-99.21545423,0,0,0,0,0,0,0,0,0,0,0,0,0,0,0,0,0,0,0,0,0,0,0,0,0,0,0,0,0,0,0,0,0,0,0,0,0,0,0,0,0,0,0,0,0,0,0,0,0,0,0,0,0,0,0,0,0,0,1,1,1,1,1,3,3,3,3,3,4,4,4,4,4,4,4,4,4,4,4,4,4,5,5,6,6,6,6,7,7,7,7
,Fall River,43.23929297,-103.5275691,1,1,1,1,1,1,1,1,1,1,1,1,1,1,1,1,1,1,1,1,1,1,1,1,1,1,1,1,1,1,1,1,2,2,2,2,2,2,2,2,2,2,2,2,2,2,2,2,3,4,4,4,4,4,4,4,4,4,4,4,4,4,5,6,6,6,6,6,6,6,6,6,6,6,6,6,6,6,6,6,6,6,7,7,7,9,10,10,11,12,12
,Faulk,45.07082625,-99.14535601,1,1,1,1,1,1,1,1,1,1,1,1,1,1,1,1,1,1,1,1,1,1,1,1,1,1,1,1,1,1,1,1,1,1,1,1,1,1,1,1,1,1,1,1,1,1,1,1,1,1,1,1,1,1,1,1,1,1,1,1,1,1,1,1,1,1,1,2,2,6,15,15,19,19,20,20,20,20,21,21,21,22,22,22,23,23,23,23,23,23,23
,Grant,45.1723937,-96.77002276,0,0,0,0,0,0,0,0,0,0,0,0,0,0,0,0,0,0,0,0,0,0,0,0,0,0,0,0,0,0,0,0,0,0,0,2,2,2,2,3,3,3,4,5,7,9,9,9,9,9,9,10,10,10,10,10,11,11,13,13,13,13,13,13,13,13,13,13,13,13,13,13,13,13,13,13,13,13,13,13,13,13,13,13,13,13,13,13,13,13,13
,Gregory,43.19419064,-99.18883902,0,0,0,0,0,0,0,0,0,0,0,0,0,0,0,0,0,0,0,0,0,0,0,0,0,0,0,0,0,0,0,0,0,0,0,0,0,0,0,0,0,0,0,0,0,0,0,0,0,0,0,0,0,0,0,0,0,0,0,0,1,1,1,1,1,1,1,1,1,1,1,1,1,1,1,1,1,1,1,1,1,1,1,1,1,1,2,2,2,3,3
,Haakon,44.29299053,-101.539099,0,0,0,0,0,0,0,0,0,0,0,0,0,0,0,0,0,0,0,0,0,0,0,0,0,0,0,0,0,0,0,0,0,0,0,0,0,0,0,0,0,0,0,0,0,0,0,0,0,0,0,0,0,0,0,0,0,0,0,0,0,0,0,0,0,0,0,0,0,0,0,0,0,0,0,0,0,0,0,0,0,0,0,0,0,0,0,0,0,0,0
,Hamlin,44.67385954,-97.18829593,1,1,1,1,1,1,1,1,1,1,1,1,1,1,1,2,2,2,2,2,2,2,2,2,2,2,2,2,2,2,2,2,2,2,2,2,2,2,2,2,2,2,2,2,2,2,3,3,3,3,3,3,3,4,4,4,4,4,4,4,4,4,4,4,5,5,5,6,7,8,9,9,9,10,11,11,11,11,10,10,10,10,11,11,11,11,11,11,11,11,11
,Hand,44.54708407,-99.00386459,0,0,0,0,0,0,0,0,0,0,0,0,0,0,0,0,0,0,0,0,0,0,0,0,0,1,1,1,1,1,1,1,1,1,1,1,1,1,1,1,1,1,1,1,1,1,1,1,1,1,1,1,1,1,1,1,1,2,2,2,2,2,2,3,3,4,5,5,5,5,5,5,6,6,6,6,6,6,6,6,7,7,7,7,7,7,7,7,7,7,7
,Hanson,43.6746384,-97.78715148,0,0,0,0,0,0,0,0,0,0,0,0,0,0,0,0,0,0,0,0,0,0,0,0,0,0,0,0,0,0,0,0,0,0,0,0,0,0,0,0,0,0,0,0,0,0,0,0,0,0,0,0,0,0,0,0,0,0,0,0,0,0,0,1,1,2,2,2,3,3,3,3,3,3,3,3,3,3,3,3,3,4,5,5,5,6,6,6,6,7,7
,Harding,45.58015551,-103.4958629,0,0,0,0,0,0,0,0,0,0,0,0,0,0,0,0,0,0,0,0,0,0,0,0,0,0,0,0,0,0,0,0,0,0,0,0,0,0,0,0,0,0,0,0,0,0,0,0,0,0,0,0,0,0,0,0,0,0,0,0,0,0,0,0,0,0,0,0,0,0,0,0,0,0,0,0,0,0,0,0,0,0,0,0,0,0,0,0,0,0,0
,Hughes,44.39091534,-99.99661148,2,3,3,3,3,3,3,3,4,4,4,5,5,5,5,5,5,5,5,5,5,6,7,7,7,7,7,7,7,8,9,13,13,13,13,13,14,15,15,15,15,15,15,15,16,16,16,16,17,17,17,17,17,19,19,19,19,19,19,19,19,19,19,19,19,19,19,20,20,21,21,21,21,21,22,22,23,25,27,29,31,32,32,33,38,42,42,49,51,52,55
,Hutchinson,43.33449012,-97.75536441,2,2,2,2,2,2,2,2,2,2,2,2,2,2,2,2,2,2,2,2,2,2,2,2,2,3,3,3,3,3,3,3,3,3,3,3,3,3,3,3,3,3,3,3,3,3,3,3,3,3,3,3,3,3,3,4,4,4,4,5,5,5,6,6,6,6,6,6,6,6,8,8,8,8,8,9,9,9,10,10,10,10,10,10,10,10,10,11,12,12,12
,Hyde,44.54747703,-99.48572582,0,0,0,0,0,0,0,0,0,0,0,0,1,1,1,1,1,1,1,1,1,1,1,1,1,1,1,1,1,1,1,1,1,1,1,1,1,1,1,1,1,1,1,1,1,1,1,1,1,1,1,1,1,1,1,1,1,1,1,1,1,1,1,1,1,1,1,1,2,3,3,3,3,3,3,3,3,3,3,3,3,3,3,3,3,3,3,3,3,3,3
,Jackson,43.69318385,-101.6255063,0,0,0,0,0,0,0,0,0,0,0,0,0,0,0,0,0,0,0,0,0,0,0,0,0,0,0,0,0,0,0,0,0,0,0,0,0,0,0,0,0,0,0,0,0,0,0,0,0,0,0,0,0,1,1,2,2,3,3,4,4,4,4,4,4,4,4,4,4,4,4,4,4,5,5,5,6,6,6,6,6,6,6,6,6,6,6,6,6,6,6
,Jerauld,44.06637798,-98.62965972,0,0,0,0,0,0,0,0,1,1,3,3,3,3,3,4,4,4,4,4,4,4,5,6,6,6,6,6,6,6,6,6,6,6,6,6,6,6,6,6,6,6,6,6,6,6,6,6,6,10,10,16,16,28,28,29,29,33,34,34,35,35,35,38,39,39,39,40,40,40,40,40,40,40,40,40,40,40,40,39,39,39,39,39,39,39,39,39,39,39,39
,Jones,43.96278565,-100.6940008,0,0,0,0,0,0,0,0,0,0,0,0,0,0,0,0,0,0,0,0,0,0,0,0,0,0,0,0,0,0,0,0,0,0,0,0,0,0,0,0,0,0,0,0,0,0,0,0,0,0,0,0,0,0,0,0,0,0,0,0,0,0,0,0,0,0,0,0,0,0,0,0,0,0,0,0,0,0,0,0,0,0,0,0,0,0,0,0,0,0,0
,Kingsbury,44.36956169,-97.4913945,0,0,0,0,0,0,0,0,0,0,0,0,0,0,0,0,0,0,0,0,0,0,0,0,0,0,0,0,0,0,0,0,0,0,0,0,0,0,0,0,0,0,0,0,0,0,0,0,0,0,0,0,0,0,0,0,0,0,1,1,1,1,2,3,3,3,4,5,5,5,5,5,5,5,5,5,5,5,3,3,4,5,5,5,6,6,6,6,6,6,6
,Lake,44.02193107,-97.12926365,0,1,1,1,1,1,1,2,2,2,2,2,2,2,2,3,3,3,3,3,3,3,3,4,4,4,4,4,4,4,4,4,4,4,4,4,4,5,5,5,5,5,5,5,5,5,5,5,5,5,5,5,5,6,6,6,6,7,8,8,8,8,8,10,12,12,13,13,13,13,13,13,14,14,14,15,16,17,17,17,17,17,17,18,18,18,19,19,20,21,21
,Lawrence,44.35919441,-103.7929428,6,9,9,9,9,9,9,9,9,9,9,9,9,9,9,9,9,9,9,9,9,9,9,9,9,9,9,9,9,9,9,9,9,9,9,9,9,9,9,9,9,9,9,9,9,9,9,9,9,9,9,9,9,9,9,9,9,9,11,11,11,11,11,11,11,12,12,12,12,12,12,12,12,12,12,12,12,13,15,16,16,16,16,16,17,17,18,19,19,19,19
,Lincoln,43.27841182,-96.7203905,11,17,19,21,23,24,27,31,33,38,39,46,50,55,65,71,77,86,90,95,99,104,110,116,125,128,131,133,138,147,153,156,162,163,164,170,171,180,186,188,191,190,193,195,198,201,200,201,205,209,209,218,225,229,230,233,236,237,236,237,238,238,239,240,243,246,250,254,254,255,258,259,262,265,267,270,271,272,275,278,317,323,323,325,326,329,332,337,339,341,343
,Lyman,43.89522709,-99.85201878,1,1,1,1,1,1,2,2,2,2,2,2,2,2,2,2,2,2,2,2,2,2,2,2,2,2,2,2,3,3,3,3,3,3,3,3,3,3,3,3,3,3,3,4,4,4,4,4,6,9,9,10,11,12,12,12,13,14,13,14,14,14,14,15,16,16,22,24,24,27,30,32,32,33,33,33,33,39,40,44,46,47,48,49,55,55,55,57,59,59,62
,Marshall,45.75870838,-97.59855639,1,1,1,1,1,1,1,1,1,1,1,1,1,1,1,1,1,1,1,1,1,1,1,1,1,1,1,1,1,1,1,1,1,1,1,1,1,1,1,1,1,1,1,1,1,1,1,1,3,3,3,4,4,4,4,4,4,4,4,4,4,4,4,4,4,4,4,4,4,4,4,4,4,4,4,4,5,5,5,5,5,5,5,5,5,5,5,5,5,5,5
,McCook,43.6742571,-97.36863144,2,2,2,2,2,2,2,2,2,2,2,2,2,2,3,3,3,3,3,3,3,3,4,4,4,4,4,4,4,4,4,4,4,4,4,4,4,4,4,4,4,5,5,5,5,5,5,5,5,5,5,5,5,5,5,5,5,5,5,6,6,6,6,6,6,6,6,6,6,6,7,7,8,8,8,8,8,8,8,8,8,8,8,8,8,9,10,10,10,10,10
,McPherson,45.76626028,-99.22118798,0,0,0,0,0,0,0,0,0,0,0,0,0,0,0,0,0,0,0,0,0,0,0,0,1,1,1,1,1,1,1,1,1,1,1,1,1,1,1,1,1,1,1,1,1,1,1,1,1,1,1,1,1,1,1,1,1,1,1,1,1,1,1,1,1,1,2,2,2,3,3,3,3,3,3,3,3,3,3,3,3,4,4,4,4,4,4,5,4,4,4
,Meade,44.56676791,-102.7162741,1,1,1,1,1,1,1,1,1,1,1,1,1,1,1,1,1,1,1,1,1,1,1,1,1,1,1,1,1,1,1,1,1,1,2,2,2,3,3,3,4,4,5,5,5,5,5,5,5,5,5,6,7,10,10,10,10,10,13,18,19,21,22,22,24,24,24,24,26,26,28,28,30,33,36,37,39,39,40,41,42,42,43,43,43,44,46,47,47,47,48
,Mellette,43.58078848,-100.7563186,0,0,0,0,0,0,0,0,0,0,0,0,0,0,0,0,0,0,0,0,0,0,0,0,0,0,0,0,0,0,0,0,0,0,0,0,0,0,0,0,0,0,0,0,0,0,0,0,0,0,0,0,0,0,0,0,0,0,0,0,0,0,0,0,0,0,0,0,0,0,0,0,0,1,1,1,2,2,2,2,2,2,2,2,3,3,3,3,3,3,3
,Miner,44.02197882,-97.60992207,0,0,0,0,0,0,0,0,0,1,1,1,1,1,1,1,1,1,1,1,1,1,1,1,1,1,1,1,1,1,1,1,1,1,1,1,1,1,1,1,1,1,1,1,1,1,1,1,1,1,1,1,1,1,1,1,1,1,1,1,1,2,2,2,2,2,2,3,3,3,3,3,3,3,3,3,3,3,3,4,5,5,5,5,5,7,8,8,9,9,9
,Minnehaha,43.67441641,-96.7910885,40,54,68,81,104,140,165,228,274,352,438,527,654,768,934,1065,1157,1276,1362,1405,1469,1555,1636,1707,1796,1854,1880,1939,1984,2038,2089,2123,2142,2170,2195,2231,2332,2535,2767,2867,2952,2978,3017,3050,3101,3119,3135,3150,3165,3182,3182,3211,3248,3260,3274,3289,3300,3317,3330,3345,3349,3355,3362,3377,3385,3387,3397,3407,3409,3418,3430,3444,3458,3467,3479,3485,3488,3499,3513,3526,3503,3523,3534,3537,3550,3560,3577,3586,3598,3600,3610
,Moody,44.02266214,-96.67081159,0,0,0,0,0,0,0,0,0,0,0,0,0,0,0,1,1,1,1,1,2,2,2,2,2,3,3,3,5,5,5,5,6,6,6,7,11,14,14,14,14,15,17,17,17,17,17,18,18,18,18,18,18,18,18,18,18,19,19,19,19,19,19,19,19,19,19,19,19,19,19,19,20,20,20,20,20,20,20,21,21,21,21,21,21,21,21,21,21,21,22
,Oglala Lakota,43.33749164,-102.5555498,0,0,0,0,0,0,0,1,1,1,1,1,1,1,1,1,1,1,1,1,1,1,1,1,1,1,1,1,1,1,1,1,1,1,1,2,1,1,1,1,1,1,3,3,6,9,10,10,10,14,14,15,17,17,17,17,20,21,21,25,26,31,31,32,34,35,35,39,39,40,45,45,45,45,46,46,48,49,54,53,54,55,56,59,60,65,68,83,84,85,85
,Out of SD,0,0,0,0,0,0,0,0,0,0,0,0,0,0,0,0,0,0,0,0,0,0,0,0,0,0,0,0,0,0,0,0,0,0,0,0,0,0,0,0,0,0,0,0,0,0,0,0,0,0,0,0,0,0,0,0,0,0,0,0,0,0,0,0,0,0,0,0,0,0,0,0,0,0,0,0,0,0,0,0,0,0,0,0,0,0,0,0,0,0,0,0,0
,Pennington,44.0025835,-102.8240777,5,6,6,6,6,6,6,6,7,8,8,8,9,9,9,10,10,10,10,11,11,11,11,11,11,12,12,12,12,12,13,13,14,14,16,16,17,18,19,26,27,32,36,40,43,49,52,58,74,85,85,127,138,152,156,162,172,186,201,218,227,235,241,257,275,284,297,305,314,321,335,351,362,378,386,392,402,424,430,437,446,457,462,466,475,482,486,497,507,513,518
,Perkins,45.49049506,-102.4755586,0,0,0,0,0,0,0,0,0,0,0,0,0,0,0,0,0,0,0,0,0,0,0,0,0,0,0,0,0,0,0,0,0,0,0,0,0,0,0,0,0,0,0,0,0,0,0,0,0,0,0,0,0,0,0,0,0,0,0,0,0,0,0,0,0,0,0,0,0,0,0,0,0,0,0,0,0,0,0,0,0,0,0,0,0,0,0,0,0,0,0
,Potter,45.06583079,-99.95498503,0,0,0,0,0,0,0,0,0,0,0,0,0,0,0,0,0,0,0,0,0,0,0,0,0,0,0,0,0,0,0,0,0,0,0,0,0,0,0,0,0,0,0,0,0,0,0,0,0,0,0,0,0,0,0,0,0,0,0,0,0,0,0,0,0,0,0,0,0,0,0,0,0,0,0,0,0,0,0,0,0,0,0,0,0,0,0,0,0,0,0
,Roberts,45.62975048,-96.94672673,2,2,3,4,4,4,4,4,4,4,4,4,4,4,4,4,4,4,4,4,4,4,4,4,4,4,4,4,4,4,8,9,10,10,10,11,11,11,13,14,14,14,14,17,18,19,19,19,20,20,20,22,23,35,35,35,39,39,35,36,36,36,36,36,37,37,38,38,38,39,39,39,40,40,40,40,40,40,40,40,40,40,40,40,40,40,40,40,41,45,47
,Sanborn,44.02351092,-98.0909816,0,0,0,0,0,0,0,0,0,0,1,1,2,2,3,3,3,3,3,3,3,3,3,3,3,3,3,3,3,3,3,3,3,3,3,3,3,3,3,3,3,3,3,3,4,5,5,6,6,7,7,8,9,10,11,11,11,12,12,13,13,13,13,13,13,13,13,13,13,13,13,13,13,13,13,13,13,13,13,12,12,12,12,12,12,12,12,12,12,12,12
,Spink,44.93837606,-98.34626602,0,1,1,2,3,3,3,3,3,3,3,3,3,3,3,3,3,3,3,3,3,3,3,3,3,3,3,3,3,3,3,3,3,3,3,3,3,3,4,4,4,4,4,4,4,4,4,4,4,4,4,4,4,4,4,4,4,4,5,5,5,5,5,5,5,5,5,5,5,5,5,5,5,5,5,5,5,5,5,6,6,7,8,8,9,10,11,11,11,11,11
,Stanley,44.41381872,-100.7349153,0,0,0,0,0,0,0,0,0,0,0,0,0,0,0,0,0,0,0,0,0,0,0,1,1,1,2,6,6,7,8,8,8,8,8,8,8,8,9,9,8,8,8,8,9,9,9,9,9,9,9,9,9,9,9,9,10,10,10,10,10,10,10,10,10,10,10,10,10,10,10,11,11,11,11,11,11,11,11,11,12,12,12,12,12,12,12,12,12,12,12
,Sully,44.71571812,-100.1278092,0,0,0,0,0,0,0,0,0,0,0,1,1,1,1,1,1,1,1,1,1,1,1,1,1,1,1,1,1,1,1,1,1,1,1,1,1,1,1,1,1,1,1,1,1,1,1,1,1,1,1,1,1,1,1,1,1,1,1,1,1,1,1,1,1,1,1,1,1,1,1,1,1,1,1,1,1,1,1,1,1,1,1,1,1,1,1,1,1,1,1
,Todd,43.19338568,-100.7195503,1,1,1,1,1,1,1,1,1,1,1,1,1,1,1,1,1,1,1,1,1,1,1,1,1,1,1,1,1,1,2,3,3,3,6,7,7,8,8,9,10,13,14,13,15,16,16,17,17,17,17,17,17,18,18,20,22,23,23,26,27,27,28,28,31,33,36,37,38,42,44,45,46,47,47,47,48,50,50,50,50,50,50,50,51,52,53,56,56,57,57
,Tripp,43.34459388,-99.8854891,0,0,0,0,0,0,0,0,0,0,0,0,0,0,0,0,0,0,0,0,0,0,0,0,0,0,0,0,0,0,0,0,0,0,0,0,0,0,0,0,0,0,0,1,1,2,2,2,2,2,2,3,6,6,6,6,6,6,6,6,6,6,6,6,6,6,6,6,6,6,6,6,7,7,7,7,8,9,9,9,9,12,12,13,13,13,15,15,15,16,16
,Turner,43.3109081,-97.14865776,1,2,3,3,4,4,4,5,5,5,5,5,5,5,5,5,5,5,6,6,6,9,13,13,15,15,15,15,15,17,17,17,17,17,17,18,18,18,18,18,18,18,18,18,19,19,19,19,21,22,22,22,22,22,23,23,24,24,24,24,24,24,25,25,25,25,25,25,25,25,25,25,25,25,25,25,25,25,25,25,25,24,24,24,24,24,24,25,24,24,24
,Unassigned,0,0,0,0,0,0,0,0,0,0,0,0,0,0,0,0,0,0,0,0,0,0,0,0,0,0,0,0,0,0,0,0,0,0,0,0,0,0,0,0,0,0,0,0,0,0,0,0,0,0,0,0,0,0,0,0,0,1,1,0,0,0,0,0,0,0,0,0,0,0,0,0,0,0,0,0,0,0,0,0,0,0,0,0,0,0,0,0,0,0,0,0,0
,Union,42.83112163,-96.6557828,1,3,3,3,3,3,3,3,3,3,4,4,5,5,4,4,4,5,6,7,7,7,8,11,12,12,12,14,17,18,21,27,31,32,46,46,48,50,53,53,53,56,56,57,57,60,60,62,62,68,68,73,75,79,79,86,87,88,88,89,89,91,91,92,93,93,98,100,100,103,105,105,109,109,113,113,113,113,113,114,116,117,117,117,118,118,118,119,121,121,123
,Walworth,45.43019636,-100.0307514,0,0,0,0,0,0,0,0,0,0,0,1,2,2,5,5,5,5,5,5,5,5,5,5,5,5,5,5,5,5,5,5,5,5,5,5,5,5,5,5,5,5,5,5,5,5,5,5,5,5,5,5,5,5,5,5,5,5,5,5,5,5,5,5,5,5,5,5,5,5,5,5,5,5,5,5,6,7,7,7,7,7,7,7,8,8,9,9,9,9,12
,Yankton,43.00924485,-97.39467635,8,10,11,14,14,18,15,17,18,19,20,20,22,22,22,23,23,23,23,23,23,23,25,25,26,26,27,27,26,26,27,27,28,28,28,29,29,29,29,30,30,31,33,34,38,40,40,41,42,44,44,45,46,51,51,51,51,51,51,51,51,51,51,51,51,52,53,55,58,58,58,58,58,58,58,58,60,62,63,64,65,68,69,68,70,71,74,77,78,78,77
,Ziebach,44.97881876,-101.6654622,0,0,0,0,0,0,0,0,0,0,0,0,0,0,0,0,0,0,0,0,0,0,0,0,0,0,0,0,0,0,0,0,0,0,0,1,1,1,1,1,1,1,1,1,1,1,1,1,1,1,1,1,1,1,1,1,1,1,1,1,1,1,1,1,2,2,2,2,2,2,2,2,2,2,2,2,2,2,2,2,2,2,2,2,2,2,2,2,3,3,2